{"cameraMode":{"drawMode":0,"name":"Shaded","section":"Shading Mode"},"sceneLighting":true,"audioPlay":false,"sceneViewState":{"showFog":true,"showMaterialUpdate":false,"showSkybox":true,"showFlares":true,"showImageEffects":true,"showParticleSystems":true},"in2DMode":false,"pivot":{"x":62.03126525878906,"y":-8.083066940307618,"z":-67.52560424804688},"rotation":{"x":0.4771268963813782,"y":0.20606328547000886,"z":-0.11615709960460663,"w":0.8464014530181885},"size":52.112945556640628,"orthographic":false}